,fold_0,fold_1,fold_2,fold_3,fold_4
0,0.5408163265306123,0.5408163265306123,0.5204081632653061,0.4897959183673469,0.5153061224489796
