,fold_0,fold_1,fold_2,fold_3,fold_4
0,0.7040816326530612,0.7653061224489794,0.6887755102040817,0.7091836734693878,0.760204081632653
