,fold_0,fold_1,fold_2,fold_3,fold_4
0,0.5816326530612245,0.46938775510204084,0.5204081632653061,0.4897959183673469,0.5153061224489796
