,fold_0,fold_1,fold_2,fold_3,fold_4
0,0.4897959183673469,0.403061224489796,0.4642857142857143,0.5408163265306123,0.41836734693877553
