,fold_0,fold_1,fold_2,fold_3,fold_4
0,0.47959183673469385,0.4336734693877551,0.45408163265306123,0.42346938775510207,0.4336734693877551
