,fold_0,fold_1,fold_2,fold_3,fold_4
0,0.7295918367346939,0.7244897959183674,0.7244897959183674,0.7244897959183674,0.7244897959183674
