,fold_0,fold_1,fold_2,fold_3,fold_4
0,0.45918367346938777,0.4489795918367347,0.4489795918367347,0.4846938775510204,0.49489795918367346
