,fold_0,fold_1,fold_2,fold_3,fold_4
0,0.45918367346938777,0.4642857142857143,0.45918367346938777,0.43877551020408156,0.45918367346938777
