,fold_0,fold_1,fold_2,fold_3,fold_4
0,0.22959183673469388,0.2653061224489796,0.25,0.28061224489795916,0.27040816326530615
