,fold_0,fold_1,fold_2,fold_3,fold_4
0,0.34183673469387754,0.32653061224489793,0.32653061224489793,0.35714285714285715,0.3520408163265306
