,fold_0,fold_1,fold_2,fold_3,fold_4
0,0.5255102040816326,0.5357142857142857,0.5510204081632653,0.5459183673469388,0.5510204081632653
