,fold_0,fold_1,fold_2,fold_3,fold_4
0,0.27040816326530615,0.25,0.29081632653061223,0.2653061224489796,0.2755102040816326
