,fold_0,fold_1,fold_2,fold_3,fold_4
0,0.6020408163265306,0.6020408163265306,0.5918367346938775,0.6020408163265306,0.5867346938775511
