,mean_fit_time,std_fit_time,mean_score_time,std_score_time,param_eval_metric,param_max_depth,param_objective,param_predictor,param_seed,param_tree_method,params,split0_test_score,split1_test_score,split2_test_score,split3_test_score,split4_test_score,split5_test_score,split6_test_score,split7_test_score,split8_test_score,split9_test_score,mean_test_score,std_test_score,rank_test_score
0,5.733648490905762,0.46129656270445846,0.05500023365020752,0.002966919844873026,mlogloss,1,multi:softprob,gpu_predictor,1337,gpu_hist,"{'eval_metric': 'mlogloss', 'max_depth': 1, 'objective': 'multi:softprob', 'predictor': 'gpu_predictor', 'seed': 1337, 'tree_method': 'gpu_hist'}",0.5510204081632653,0.5714285714285714,0.5306122448979592,0.6122448979591837,0.5408163265306123,0.5306122448979592,0.5306122448979592,0.5306122448979592,0.5306122448979592,0.5510204081632653,0.5479591836734694,0.0250156136165944,1
1,9.73029820919037,0.676265762767128,0.06205017566680908,0.0036298617497985044,mlogloss,2,multi:softprob,gpu_predictor,1337,gpu_hist,"{'eval_metric': 'mlogloss', 'max_depth': 2, 'objective': 'multi:softprob', 'predictor': 'gpu_predictor', 'seed': 1337, 'tree_method': 'gpu_hist'}",0.5408163265306123,0.5714285714285714,0.5,0.6020408163265306,0.5306122448979592,0.4897959183673469,0.5,0.5510204081632653,0.5102040816326531,0.5102040816326531,0.5306122448979592,0.03414938883812552,2
2,15.324147748947144,2.2254655967183594,0.06600065231323242,0.008179923113291524,mlogloss,3,multi:softprob,gpu_predictor,1337,gpu_hist,"{'eval_metric': 'mlogloss', 'max_depth': 3, 'objective': 'multi:softprob', 'predictor': 'gpu_predictor', 'seed': 1337, 'tree_method': 'gpu_hist'}",0.5408163265306123,0.5714285714285714,0.4897959183673469,0.6020408163265306,0.5306122448979592,0.4897959183673469,0.5306122448979592,0.5510204081632653,0.5,0.4897959183673469,0.5295918367346938,0.036350026797054846,3
